"st_cnty","night_pop","day_pop"
"01001","55601","41423"
"01003","218022","206846"
"01005","24881","25987"
"01007","22400","18295"
"01009","57840","42508"
"01011","10138","8857"
"01013","19680","18774"
"01015","114277","121090"
"01017","33615","27894"
"01019","26032","20703"
"01021","44153","35760"
"01023","12841","12036"
"01025","23920","25737"
"01027","13275","12001"
"01029","14987","11635"
"01031","51909","48124"
"01033","54762","57749"
"01035","12277","11861"
"01037","10715","7527"
"01039","36986","36707"
"01041","13824","11641"
"01043","83442","80532"
"01045","48956","49058"
"01047","38310","38858"
"01049","71385","64602"
"01051","81887","67420"
"01053","36748","36944"
"01055","102501","99961"
"01057","16433","15363"
"01059","31363","30179"
"01061","26314","20315"
"01063","8233","7079"
"01065","14726","12245"
"01067","17209","14391"
"01069","104722","110816"
"01071","51736","47409"
"01073","659300","727739"
"01075","13844","11932"
"01077","92387","85765"
"01079","32957","24003"
"01081","163941","169107"
"01083","96174","81267"
"01085","9974","8978"
"01087","18439","17792"
"01089","366519","408522"
"01091","19066","19704"
"01093","29763","27908"
"01095","96109","95055"
"01097","413757","425968"
"01099","21067","21687"
"01101","225763","272153"
"01103","119089","114411"
"01105","9140","7582"
"01107","19938","16445"
"01109","33338","38432"
"01111","22725","18843"
"01113","57781","48731"
"01115","88690","70137"
"01117","215707","196884"
"01119","12691","12433"
"01121","79828","75805"
"01123","40497","37565"
"01125","208911","230781"
"01127","63711","59958"
"01129","16378","13737"
"01131","10627","10863"
"01133","23660","22619"
"04001","70332","65529"
"04003","126770","112915"
"04005","142854","141099"
"04007","53290","48853"
"04009","38072","35946"
"04011","9483","10146"
"04012","21098","18526"
"04013","4410676","4360516"
"04015","209550","178104"
"04017","107794","93974"
"04019","1041222","961218"
"04021","447138","322045"
"04023","46511","42121"
"04025","231993","199052"
"04027","212128","199832"
"05001","17769","19508"
"05003","20046","20019"
"05005","41619","42205"
"05007","272608","269081"
"05009","37480","37940"
"05011","10897","10918"
"05013","5277","6361"
"05015","28223","26566"
"05017","10438","10232"
"05019","22061","24126"
"05021","14847","13090"
"05023","24965","22857"
"05025","8018","5910"
"05027","23537","25520"
"05029","20891","21145"
"05031","108558","114094"
"05033","63406","57452"
"05035","48342","46890"
"05037","16676","15011"
"05039","7182","6958"
"05041","11512","11423"
"05043","18328","18704"
"05045","124806","111251"
"05047","17810","16649"
"05049","12269","9672"
"05051","99154","100676"
"05053","18188","15248"
"05055","45325","42912"
"05057","21741","21096"
"05059","33701","29710"
"05061","13341","15652"
"05063","37678","40286"
"05065","13593","12712"
"05067","16811","17335"
"05069","68114","71943"
"05071","26742","27027"
"05073","6682","5693"
"05075","16434","14814"
"05077","8985","8402"
"05079","13383","12333"
"05081","12326","10588"
"05083","21737","19358"
"05085","73657","55052"
"05087","16481","12867"
"05089","16722","14328"
"05091","43592","38187"
"05093","41239","44334"
"05095","6900","6434"
"05097","8924","7564"
"05099","8326","7421"
"05101","7805","5678"
"05103","23606","21808"
"05105","10352","7443"
"05107","18029","18004"
"05109","10673","9556"
"05111","23974","20248"
"05113","20049","19039"
"05115","64000","66636"
"05117","8074","6326"
"05119","392680","488791"
"05121","17948","16978"
"05123","25439","25192"
"05125","121421","89701"
"05127","10319","10119"
"05129","7958","6710"
"05131","127753","144184"
"05133","17139","17402"
"05135","17366","15894"
"05137","12457","10115"
"05139","39126","43751"
"05141","16603","14677"
"05143","236961","244254"
"05145","78727","76805"
"05147","6490","5749"
"05149","21535","20819"
"06001","1666753","1711387"
"06003","1101","1174"
"06005","39383","36995"
"06007","231256","228793"
"06009","45602","35338"
"06011","21627","22667"
"06013","1150215","989255"
"06015","27828","26647"
"06017","190678","160635"
"06019","994400","1009275"
"06021","28047","24215"
"06023","136373","130582"
"06025","181827","193212"
"06027","17987","17634"
"06029","896764","880719"
"06031","151366","141595"
"06033","64382","53704"
"06035","30802","32296"
"06037","10105518","10066387"
"06039","157672","148458"
"06041","259666","246224"
"06043","17471","15710"
"06045","87606","84182"
"06047","274765","258436"
"06049","8777","8176"
"06051","14250","13109"
"06053","435594","438959"
"06055","139417","149276"
"06057","99696","86867"
"06059","3185968","3400688"
"06061","393149","389314"
"06063","18804","18753"
"06065","2450758","2160400"
"06067","1540975","1538248"
"06069","61537","47983"
"06071","2171603","2017548"
"06073","3343364","3398551"
"06075","883305","1128443"
"06077","752660","713270"
"06079","284010","284783"
"06081","769545","745335"
"06083","446527","468098"
"06085","1937570","2090255"
"06087","274255","262746"
"06089","180040","178935"
"06091","2987","2318"
"06093","43724","41802"
"06095","446610","390088"
"06097","499942","471421"
"06099","549815","523670"
"06101","96807","85686"
"06103","63916","58191"
"06105","12535","10080"
"06107","465861","455749"
"06109","54539","52118"
"06111","850862","796553"
"06113","220408","240859"
"06115","78041","69248"
"08001","511868","481637"
"08003","16683","17322"
"08005","651215","658293"
"08007","13765","11313"
"08009","3585","2479"
"08011","5882","5125"
"08013","326078","347036"
"08014","69267","71259"
"08015","20027","19104"
"08017","1876","1133"
"08019","9605","6704"
"08021","8200","5881"
"08023","3828","3024"
"08025","5858","5269"
"08027","4954","3699"
"08029","30953","26063"
"08031","716492","875780"
"08033","2074","1532"
"08035","342776","285794"
"08037","54993","53601"
"08039","26282","13943"
"08041","713856","681009"
"08043","48021","46280"
"08045","59770","56676"
"08047","6121","7182"
"08049","15525","13954"
"08051","17246","16736"
"08053","811","549"
"08055","6889","6068"
"08057","1399","1036"
"08059","580233","516692"
"08061","1383","854"
"08063","7163","5883"
"08065","7824","6345"
"08067","56310","54394"
"08069","350518","333122"
"08071","14503","14504"
"08073","5610","5057"
"08075","21528","19813"
"08077","153207","149309"
"08079","776","892"
"08081","13188","11427"
"08083","26158","23960"
"08085","42214","36968"
"08087","28558","26292"
"08089","18432","17362"
"08091","4833","4472"
"08093","18556","10356"
"08095","4286","3568"
"08097","17950","24738"
"08099","12164","11308"
"08101","167529","167718"
"08103","6336","6442"
"08105","11250","9953"
"08107","25733","26064"
"08109","6843","4303"
"08111","762","631"
"08113","8191","9126"
"08115","2303","2297"
"08117","31007","32105"
"08119","25083","19810"
"08121","4909","3072"
"08123","314305","272597"
"08125","10020","7550"
"09001","943823","938962"
"09003","892697","1002087"
"09005","181111","146882"
"09007","162682","144991"
"09009","857620","834619"
"09011","266784","268993"
"09013","150921","117722"
"09015","117027","98866"
"10001","178550","183379"
"10003","559335","590671"
"10005","229286","212197"
"11001","702460","1164938"
"12001","269956","292484"
"12003","28355","24749"
"12005","185287","184215"
"12007","27732","23828"
"12009","596849","563431"
"12011","1951260","1820289"
"12013","14587","12330"
"12015","184998","167732"
"12017","147929","137202"
"12019","216072","165290"
"12021","378488","365961"
"12023","70503","69025"
"12027","37489","33086"
"12029","16700","13810"
"12031","950181","1041746"
"12033","315534","319835"
"12035","112067","90727"
"12037","11736","10662"
"12039","45894","40792"
"12041","18256","15494"
"12043","13724","10287"
"12045","16164","14590"
"12047","14310","13329"
"12049","27245","26426"
"12051","41556","38720"
"12053","190865","167482"
"12055","105424","102151"
"12057","1436888","1477714"
"12059","19477","16650"
"12061","157413","149351"
"12063","48305","46980"
"12065","14288","10970"
"12067","8732","7296"
"12069","356495","309383"
"12071","754610","710460"
"12073","292502","319896"
"12075","40770","33527"
"12077","8457","7887"
"12079","18529","16916"
"12081","394855","357261"
"12083","359977","341167"
"12085","160912","161460"
"12086","2761581","2700066"
"12087","75023","73754"
"12089","85832","70894"
"12091","207269","206795"
"12093","41537","36752"
"12095","1380645","1585120"
"12097","367990","301323"
"12099","1485941","1443850"
"12101","539630","444803"
"12103","975280","966133"
"12105","708009","659534"
"12107","74163","67130"
"12109","254261","212131"
"12111","321128","269620"
"12113","179349","138664"
"12115","426718","431527"
"12117","467832","429901"
"12119","128754","132576"
"12121","44191","38449"
"12123","21623","20267"
"12125","14940","14629"
"12127","547538","497770"
"12129","32461","23779"
"12131","71375","70353"
"12133","24880","21671"
"13001","18507","17115"
"13003","8297","6490"
"13005","11185","10554"
"13007","3092","2167"
"13009","44823","48957"
"13011","18988","14664"
"13013","80809","61877"
"13015","106408","99622"
"13017","16787","17372"
"13019","19252","15607"
"13021","153095","179928"
"13023","12838","12259"
"13025","18897","14211"
"13027","15513","11390"
"13029","38109","30147"
"13031","77296","76717"
"13033","22423","26934"
"13035","24193","20188"
"13037","6352","4855"
"13039","53677","48369"
"13043","10836","8300"
"13045","118121","110882"
"13047","67420","50692"
"13049","12968","9925"
"13051","289195","326497"
"13053","10684","12192"
"13055","24790","20551"
"13057","254149","185107"
"13059","127330","162184"
"13061","2887","2200"
"13063","289615","303191"
"13065","6648","6510"
"13067","756865","739385"
"13069","43093","43483"
"13071","45592","40968"
"13073","154291","112639"
"13075","17162","14166"
"13077","145864","116651"
"13079","12318","7929"
"13081","22601","22330"
"13083","16226","12423"
"13085","25083","23031"
"13087","26575","26264"
"13089","756558","703979"
"13091","20705","19903"
"13093","13706","12125"
"13095","91243","106770"
"13097","145331","118872"
"13099","10247","11132"
"13101","4000","2815"
"13103","62190","43239"
"13105","19120","16937"
"13107","22612","23127"
"13109","10721","11358"
"13111","25964","22147"
"13113","113459","100383"
"13115","97927","103800"
"13117","236612","202583"
"13119","23023","22679"
"13121","1050114","1466412"
"13123","30816","26800"
"13125","2995","2240"
"13127","85219","88977"
"13129","57685","54814"
"13131","24748","20852"
"13133","17698","17176"
"13135","927781","839645"
"13137","45388","44144"
"13139","202148","191246"
"13141","8348","7344"
"13143","29533","25149"
"13145","34475","22922"
"13147","26099","21584"
"13149","11879","8954"
"13151","230220","178194"
"13153","155469","153766"
"13155","9398","8610"
"13157","70422","63603"
"13159","14040","10211"
"13161","15029","13393"
"13163","15430","14405"
"13165","8683","6814"
"13167","9708","7052"
"13169","28616","19417"
"13171","19000","17137"
"13173","10340","7372"
"13175","47325","49565"
"13177","29764","20738"
"13179","61497","57410"
"13181","7915","5392"
"13183","18998","10466"
"13185","116321","118864"
"13187","32955","34971"
"13189","21531","18783"
"13191","14340","9477"
"13193","13143","9800"
"13195","29650","20978"
"13197","8351","5597"
"13199","21068","17402"
"13201","5686","4982"
"13205","22192","21440"
"13207","27520","22542"
"13209","9193","7023"
"13211","18853","18146"
"13213","39921","34566"
"13215","194160","215391"
"13217","109541","84674"
"13219","39272","34792"
"13221","15054","9722"
"13223","164044","104909"
"13225","27297","26021"
"13227","31980","25468"
"13229","19389","14956"
"13231","18634","13035"
"13233","42470","36778"
"13235","11069","9374"
"13237","21809","20355"
"13239","2279","1957"
"13241","16867","16173"
"13243","6833","6575"
"13245","201554","236575"
"13247","90594","81008"
"13249","5236","4372"
"13251","13938","12371"
"13253","8315","8009"
"13255","66100","65867"
"13257","26035","24462"
"13259","6199","4842"
"13261","29733","29566"
"13263","6272","4072"
"13265","1608","1044"
"13267","25391","21731"
"13269","8039","6680"
"13271","15876","13806"
"13273","8611","7392"
"13275","44448","50007"
"13277","40571","46870"
"13279","26887","29003"
"13281","11852","11923"
"13283","6809","5642"
"13285","70034","77304"
"13287","7912","7099"
"13289","8188","7495"
"13291","24001","21404"
"13293","26215","22262"
"13295","69410","52249"
"13297","93503","74330"
"13299","35680","39233"
"13301","5251","4533"
"13303","20386","20872"
"13305","29808","27552"
"13307","2611","1934"
"13309","7879","7370"
"13311","29970","24764"
"13313","104062","123231"
"13315","8812","7378"
"13317","9876","9303"
"13319","9036","8975"
"13321","20299","14702"
"16001","469966","487384"
"16003","4250","3604"
"16005","87138","83304"
"16007","6050","4732"
"16009","9226","8577"
"16011","46236","39517"
"16013","22601","24527"
"16015","7634","5996"
"16017","44727","39851"
"16019","116854","114146"
"16021","11948","10504"
"16023","2611","9248"
"16025","1127","842"
"16027","223499","190608"
"16029","7060","6842"
"16031","23864","24814"
"16033","852","820"
"16035","8758","8733"
"16037","4280","3792"
"16039","27259","22714"
"16041","13726","10841"
"16043","13168","8201"
"16045","17634","13150"
"16047","15196","14132"
"16049","16513","14236"
"16051","29439","22994"
"16053","24015","21999"
"16055","161505","148766"
"16057","40134","38166"
"16059","7961","7109"
"16061","3861","4129"
"16063","5360","4269"
"16065","39304","38549"
"16067","20825","18488"
"16069","40408","43540"
"16071","4488","3532"
"16073","11693","10206"
"16075","23551","18925"
"16077","7768","7254"
"16079","12796","12550"
"16081","11640","8786"
"16083","86081","87650"
"16085","11041","10644"
"16087","10161","8759"
"17001","65691","70175"
"17003","6060","5104"
"17005","16630","13974"
"17007","53577","46629"
"17009","6556","7876"
"17011","32993","29105"
"17013","4802","3242"
"17015","14312","11508"
"17017","12260","12541"
"17019","209983","222091"
"17021","32661","29787"
"17023","15596","12621"
"17025","13253","12980"
"17027","37639","32778"
"17029","50885","56201"
"17031","5180493","5521128"
"17033","18807","18394"
"17035","10808","7850"
"17037","104143","100935"
"17039","15769","13920"
"17041","19479","17402"
"17043","928589","1103255"
"17045","17360","16349"
"17047","6392","5955"
"17049","34208","38662"
"17051","21416","17019"
"17053","13264","12625"
"17055","38701","32195"
"17057","34844","29197"
"17059","5058","4023"
"17061","13044","9847"
"17063","50972","49342"
"17065","8163","5955"
"17067","17844","14425"
"17069","3910","3370"
"17071","6709","4258"
"17073","49090","41255"
"17075","27604","22106"
"17077","57419","62435"
"17079","9611","7297"
"17081","37820","43281"
"17083","21847","15976"
"17085","21366","18923"
"17087","12456","11080"
"17089","534216","501970"
"17091","110024","107096"
"17093","127915","95179"
"17095","50112","48909"
"17097","700832","701352"
"17099","109430","102731"
"17101","15765","14781"
"17103","34223","31100"
"17105","35761","34073"
"17107","28925","26986"
"17109","29955","31293"
"17111","308570","253189"
"17113","172828","188192"
"17115","104712","111311"
"17117","45313","34533"
"17119","264461","253396"
"17121","37620","34786"
"17123","11534","9768"
"17125","13565","11290"
"17127","14080","11916"
"17129","12288","7615"
"17131","15601","9849"
"17133","34335","25974"
"17135","28601","26844"
"17137","33976","33869"
"17139","14717","11797"
"17141","50923","43215"
"17143","180621","212802"
"17145","21174","17993"
"17147","16396","12723"
"17149","15611","12906"
"17151","4212","3201"
"17153","5463","6282"
"17155","5740","4805"
"17157","32106","31939"
"17159","15763","15580"
"17161","143477","158702"
"17163","261059","239031"
"17165","23906","23899"
"17167","195348","236200"
"17169","6907","5599"
"17171","4926","3639"
"17173","21741","16606"
"17175","5427","4493"
"17177","44753","43288"
"17179","132328","123803"
"17181","16841","15404"
"17183","76806","75169"
"17185","11549","11481"
"17187","17032","15515"
"17189","13995","11568"
"17191","16332","14626"
"17193","13665","12215"
"17195","55626","51760"
"17197","692310","602714"
"17199","67056","68228"
"17201","284081","288801"
"17203","38463","30417"
"18001","35636","32579"
"18003","375351","394727"
"18005","82753","90955"
"18007","8653","7261"
"18009","11930","10070"
"18011","66999","62731"
"18013","15234","10955"
"18015","20127","15006"
"18017","37955","35505"
"18019","117360","112026"
"18021","26170","22329"
"18023","32250","26308"
"18025","10558","7632"
"18027","33147","28733"
"18029","49568","38542"
"18031","26794","26903"
"18033","43226","43685"
"18035","114772","115754"
"18037","42565","51259"
"18039","205560","235292"
"18041","23047","20690"
"18043","77781","72612"
"18045","16351","13677"
"18047","22736","16570"
"18049","20092","16758"
"18051","33452","36581"
"18053","65936","67027"
"18055","32006","25602"
"18057","330086","298561"
"18059","76351","62894"
"18061","40350","31728"
"18063","167009","151205"
"18065","48271","40449"
"18067","82366","89577"
"18069","36240","32874"
"18071","44111","44647"
"18073","33370","29547"
"18075","20764","18909"
"18077","32208","31790"
"18079","27611","22269"
"18081","156225","133587"
"18083","36895","45856"
"18085","79344","78955"
"18087","39330","34848"
"18089","484411","460106"
"18091","110007","105769"
"18093","45668","38952"
"18095","129641","113438"
"18097","954670","1169461"
"18099","46248","44462"
"18101","10217","12878"
"18103","35567","29928"
"18105","146917","162263"
"18107","38346","36425"
"18109","70116","51184"
"18111","14011","10539"
"18113","47532","42978"
"18115","5844","4189"
"18117","19489","18892"
"18119","20845","16093"
"18121","16927","13145"
"18123","19102","17060"
"18125","12410","9514"
"18127","169594","151030"
"18129","25540","20828"
"18131","12469","10992"
"18133","37779","37319"
"18135","24851","20640"
"18137","28523","27544"
"18139","16663","12469"
"18141","270771","279712"
"18143","23878","22070"
"18145","44593","41052"
"18147","20327","17058"
"18149","22935","17464"
"18151","34586","31716"
"18153","20690","18385"
"18155","10717","7747"
"18157","193048","201723"
"18159","15128","11516"
"18161","7037","5035"
"18163","180974","209123"
"18165","15479","13205"
"18167","107386","118131"
"18169","31280","30674"
"18171","8263","5983"
"18173","62567","46408"
"18175","27943","20780"
"18177","65936","69695"
"18179","28206","25338"
"18181","24133","20885"
"18183","34074","30161"
"19001","7063","5446"
"19003","3645","2795"
"19005","13832","11965"
"19007","12437","11570"
"19009","5506","4188"
"19011","25642","18761"
"19013","132408","148588"
"19015","26346","21198"
"19017","24947","23354"
"19019","21199","16026"
"19021","19874","21263"
"19023","14539","9383"
"19025","9699","8635"
"19027","20154","21952"
"19029","12930","15099"
"19031","18627","14118"
"19033","42647","46876"
"19035","11321","10592"
"19037","11964","10807"
"19039","9423","9661"
"19041","16134","16398"
"19043","17556","14303"
"19045","46518","45964"
"19047","17158","15993"
"19049","90180","91165"
"19051","9017","5444"
"19053","7890","6588"
"19055","17069","13042"
"19057","39138","45490"
"19059","17153","18110"
"19061","96854","109875"
"19063","9253","8380"
"19065","19660","18780"
"19067","15761","13700"
"19069","10124","8655"
"19071","6993","5904"
"19073","8981","7203"
"19075","12304","10576"
"19077","10720","8753"
"19079","14952","14403"
"19081","10712","11185"
"19083","16868","16370"
"19085","14134","11544"
"19087","20067","20968"
"19089","9187","8553"
"19091","9547","8657"
"19093","6841","6637"
"19095","16141","16743"
"19097","19432","15329"
"19099","37147","30561"
"19101","18381","16956"
"19103","151260","162418"
"19105","20744","17125"
"19107","10225","7117"
"19109","14908","13782"
"19111","34055","34690"
"19113","225909","252380"
"19115","11169","9791"
"19117","8645","7643"
"19119","11811","9866"
"19121","16249","12247"
"19123","22000","18466"
"19125","33407","34846"
"19127","39981","41327"
"19129","15063","11385"
"19131","10569","8857"
"19133","8679","6867"
"19135","7790","7388"
"19137","10003","9632"
"19139","42929","46835"
"19141","13840","13010"
"19143","6040","4911"
"19145","15249","15729"
"19147","8929","8521"
"19149","25095","22704"
"19151","6740","5632"
"19153","487204","549265"
"19155","93533","87561"
"19157","18699","19972"
"19159","4968","3874"
"19161","9719","7951"
"19163","173283","188075"
"19165","11578","11170"
"19167","34909","38612"
"19169","98105","105314"
"19171","16904","13202"
"19173","6191","5133"
"19175","12359","13190"
"19177","7020","5304"
"19179","35205","37559"
"19181","51056","36491"
"19183","22141","18909"
"19185","6401","5424"
"19187","36277","38043"
"19189","10518","11283"
"19191","20029","20567"
"19193","102539","106431"
"19195","7453","5670"
"19197","12690","12154"
"20001","12444","12650"
"20003","7878","6042"
"20005","16193","16508"
"20007","4472","3914"
"20009","26111","26920"
"20011","14653","15216"
"20013","9598","9571"
"20015","66765","62752"
"20017","2629","2088"
"20019","3309","2787"
"20021","20015","16971"
"20023","2660","2325"
"20025","2005","1821"
"20027","7997","7302"
"20029","8729","9066"
"20031","8233","8513"
"20033","1748","1652"
"20035","35218","34720"
"20037","39019","41019"
"20039","2871","2600"
"20041","18717","16944"
"20043","7682","7319"
"20045","121436","121615"
"20047","2849","2315"
"20049","2508","2188"
"20051","28710","29095"
"20053","6196","6024"
"20055","36611","37493"
"20057","33888","36307"
"20059","25631","22724"
"20061","32594","34007"
"20063","2612","2357"
"20065","2492","2342"
"20067","7336","7309"
"20069","6033","6180"
"20071","1227","1156"
"20073","6055","4638"
"20075","2607","2498"
"20077","5506","5326"
"20079","34210","32456"
"20081","3997","3683"
"20083","1818","1499"
"20085","13280","10505"
"20087","18975","13113"
"20089","2841","2263"
"20091","597555","635473"
"20093","3943","3305"
"20095","7310","6266"
"20097","2516","2545"
"20099","19964","20924"
"20101","1560","1558"
"20103","81352","67562"
"20105","3023","2322"
"20107","9750","7708"
"20109","2844","2614"
"20111","33406","35227"
"20113","28537","30381"
"20115","11950","10659"
"20117","9722","9468"
"20119","4146","3853"
"20121","33680","24807"
"20123","6150","7003"
"20125","32120","34240"
"20127","5521","4155"
"20129","2667","3206"
"20131","10155","10583"
"20133","15951","16031"
"20135","2840","2737"
"20137","5430","5083"
"20139","15941","11619"
"20141","3475","3076"
"20143","5802","4471"
"20145","6562","6910"
"20147","5317","4880"
"20149","24277","20938"
"20151","9378","9794"
"20153","2508","2077"
"20155","62342","63916"
"20157","4664","4473"
"20159","9531","9251"
"20161","73703","78196"
"20163","5013","4486"
"20165","3093","2683"
"20167","6907","6320"
"20169","54401","57068"
"20171","4897","4677"
"20173","513607","537762"
"20175","21780","24959"
"20177","177499","196029"
"20179","2533","2269"
"20181","5899","6058"
"20183","3603","2944"
"20185","4178","3688"
"20187","1987","1832"
"20189","5559","5014"
"20191","22996","18884"
"20193","7711","7979"
"20195","2793","2662"
"20197","6899","4737"
"20199","1503","1257"
"20201","5420","5040"
"20203","2105","1724"
"20205","8665","8987"
"20207","3183","2502"
"20209","165324","187544"
"21001","19215","16449"
"21003","21122","16311"
"21005","22663","17086"
"21007","7979","6231"
"21009","44176","44527"
"21011","12383","9207"
"21013","26569","28041"
"21015","131533","156157"
"21017","20184","17825"
"21019","47240","56420"
"21021","30100","34157"
"21023","8239","5283"
"21025","12726","13738"
"21027","20388","16000"
"21029","81069","67592"
"21031","12772","11064"
"21033","12715","10686"
"21035","39135","41068"
"21037","93152","83238"
"21039","4771","3716"
"21041","10737","13071"
"21043","27004","24202"
"21045","15888","12623"
"21047","71671","80528"
"21049","36249","34833"
"21051","20105","19217"
"21053","10206","10619"
"21055","8915","7331"
"21057","6659","5431"
"21059","101104","107092"
"21061","12274","9372"
"21063","7508","6537"
"21065","14198","11626"
"21067","323780","371382"
"21069","14432","11561"
"21071","35845","36903"
"21073","50815","60051"
"21075","6120","6316"
"21077","8832","6682"
"21079","17560","12453"
"21081","25121","18006"
"21083","37317","33296"
"21085","26321","23981"
"21087","11049","7542"
"21089","35268","31169"
"21091","8758","8930"
"21093","110356","112402"
"21095","26409","28252"
"21097","18778","15054"
"21099","18906","16148"
"21101","45591","45304"
"21103","16106","11058"
"21105","4421","3851"
"21107","45068","45905"
"21109","13442","10238"
"21111","770517","891887"
"21113","53920","46172"
"21115","22386","22690"
"21117","166051","152043"
"21119","15126","13375"
"21121","31304","29520"
"21123","14307","11160"
"21125","60669","64697"
"21127","15571","14263"
"21129","7033","5993"
"21131","10143","8896"
"21133","21899","20215"
"21135","13257","10934"
"21137","24644","19490"
"21139","9242","8289"
"21141","26989","24442"
"21143","8009","7728"
"21145","65346","79891"
"21147","17408","14386"
"21149","9252","7479"
"21151","92368","87742"
"21153","12362","10026"
"21155","19404","17951"
"21157","31191","28772"
"21159","11323","11525"
"21161","17150","19639"
"21163","28715","21217"
"21165","6451","4777"
"21167","21774","18633"
"21169","10030","7940"
"21171","10718","9698"
"21173","28203","27893"
"21175","13345","12050"
"21177","30774","30521"
"21179","45851","41266"
"21181","7166","4233"
"21183","24087","22870"
"21185","66470","47316"
"21187","10880","7662"
"21189","4472","4293"
"21191","14529","10374"
"21193","26092","31087"
"21195","58402","63078"
"21197","12442","10748"
"21199","64623","67876"
"21201","2135","1729"
"21203","16750","12709"
"21205","24583","29520"
"21207","17821","18264"
"21209","56031","55810"
"21211","48518","42654"
"21213","18529","19130"
"21215","18794","10067"
"21217","25549","28929"
"21219","12311","9384"
"21221","14643","11935"
"21223","8515","5857"
"21225","14505","13231"
"21227","131264","143123"
"21229","12084","8377"
"21231","20468","18394"
"21233","13111","10919"
"21235","36242","36902"
"21237","7177","6399"
"21239","26533","21718"
"22001","62190","56520"
"22003","25605","24701"
"22005","124672","108836"
"22007","22300","17134"
"22009","40462","37073"
"22011","37253","30934"
"22013","13308","12439"
"22015","127185","117729"
"22017","242922","265189"
"22019","203112","206730"
"22021","9960","8698"
"22023","6968","16705"
"22025","9608","8444"
"22027","15944","13950"
"22029","19572","18866"
"22031","27436","24819"
"22033","440956","520613"
"22035","7037","7687"
"22037","19305","15666"
"22039","33443","30878"
"22041","20156","18206"
"22043","22482","17996"
"22045","70941","70524"
"22047","32721","38219"
"22049","15902","12671"
"22051","434051","419273"
"22053","31582","27770"
"22055","242782","283544"
"22057","98115","96732"
"22059","14917","13541"
"22061","47196","52066"
"22063","139567","102950"
"22065","11161","11985"
"22067","25398","23338"
"22069","38659","38501"
"22071","391006","458305"
"22073","154475","169609"
"22075","23410","26964"
"22077","21940","18593"
"22079","130562","144248"
"22081","8477","7685"
"22083","20192","19768"
"22085","24032","21140"
"22087","46721","38956"
"22089","52879","53778"
"22091","10262","7302"
"22093","21037","20944"
"22095","43184","38115"
"22097","82764","78539"
"22099","53621","43605"
"22101","49774","54469"
"22103","258111","236562"
"22105","133777","134825"
"22107","4462","4085"
"22109","111021","120154"
"22111","22330","18165"
"22113","59830","49805"
"22115","48847","46604"
"22117","46582","44029"
"22119","38798","38840"
"22121","26427","26174"
"22123","10982","10087"
"22125","15460","14922"
"22127","14134","14166"
"23001","107679","105323"
"23003","67111","65429"
"23005","293557","330092"
"23007","29897","28713"
"23009","54811","48826"
"23011","122083","122435"
"23013","39771","36425"
"23015","34342","29559"
"23017","57618","48313"
"23019","151096","152164"
"23021","16800","14796"
"23023","35634","30644"
"23025","50592","45847"
"23027","39694","30277"
"23029","31490","28920"
"23031","206229","171295"
"24001","70975","73707"
"24003","576031","567537"
"24005","828431","826940"
"24009","92003","67332"
"24011","33304","26566"
"24013","168429","139075"
"24015","102826","87764"
"24017","161503","126895"
"24019","31998","29003"
"24021","255648","239104"
"24023","29163","27036"
"24025","253956","220530"
"24027","323196","326906"
"24029","19383","19028"
"24031","1052567","1019716"
"24033","909308","788182"
"24035","50251","39826"
"24037","112664","105769"
"24039","25675","25048"
"24041","36968","38925"
"24043","150926","149890"
"24045","103195","106685"
"24047","51823","54865"
"24510","602495","714346"
"25001","213413","208660"
"25003","126348","131290"
"25005","564022","517628"
"25007","17352","17463"
"25009","790638","734610"
"25011","70963","60784"
"25013","470406","481309"
"25015","161355","157457"
"25017","1614714","1719776"
"25019","11327","12203"
"25021","705388","705723"
"25023","518132","451265"
"25025","807252","1135870"
"25027","830839","787591"
"26001","10362","8401"
"26003","9097","8774"
"26005","117327","97816"
"26007","28360","28378"
"26009","23365","19531"
"26011","15041","14444"
"26013","8320","8480"
"26015","61157","42891"
"26017","103923","93603"
"26019","17753","13365"
"26021","154141","153092"
"26023","43622","39361"
"26025","134487","133533"
"26027","51653","38698"
"26029","26244","24886"
"26031","25413","22183"
"26033","37517","36166"
"26035","30757","28130"
"26037","79332","53536"
"26039","13901","12962"
"26041","35857","34530"
"26043","25383","27796"
"26045","109826","100655"
"26047","33308","36710"
"26049","406892","382774"
"26051","25337","19294"
"26053","15096","15132"
"26055","92573","99797"
"26057","40599","37710"
"26059","45749","39114"
"26061","36219","36738"
"26063","31166","28282"
"26065","285284","335047"
"26067","64210","53741"
"26069","25081","22607"
"26071","11117","10218"
"26073","70562","73394"
"26075","158823","149524"
"26077","264870","266598"
"26079","17824","13995"
"26081","653786","750232"
"26083","2113","3351"
"26085","11881","9232"
"26087","88028","69034"
"26089","21764","18075"
"26091","98266","83870"
"26093","191224","151779"
"26095","6283","5881"
"26097","10787","10473"
"26099","874759","790539"
"26101","24528","24235"
"26103","66516","66021"
"26105","29100","27359"
"26107","43545","46114"
"26109","22983","20503"
"26111","83209","83249"
"26113","15113","11934"
"26115","150439","121306"
"26117","63968","54269"
"26119","9265","8435"
"26121","173588","165116"
"26123","48892","39165"
"26125","1259201","1400431"
"26127","26625","21002"
"26129","20952","19612"
"26131","5795","4716"
"26133","23341","20454"
"26135","8276","6829"
"26137","24665","24922"
"26139","290494","274261"
"26141","12738","10927"
"26143","23884","23281"
"26145","190800","199221"
"26147","159337","134320"
"26149","61043","60306"
"26151","41182","34041"
"26153","8068","7548"
"26155","68192","53134"
"26157","52516","40983"
"26159","75448","65015"
"26161","370963","439279"
"26163","1753893","1761179"
"26165","33466","33423"
"27001","15902","13490"
"27003","353813","293126"
"27005","34371","31825"
"27007","46847","46361"
"27009","40545","38147"
"27011","4989","4493"
"27013","67427","75236"
"27015","25111","26661"
"27017","35837","34323"
"27019","103551","89580"
"27021","29519","27216"
"27023","11924","11278"
"27025","55922","41655"
"27027","63955","54388"
"27029","8810","7401"
"27031","5393","5523"
"27033","11277","10970"
"27035","64889","66102"
"27037","425423","394111"
"27039","20822","15523"
"27041","37964","39175"
"27043","13758","11902"
"27045","21058","15920"
"27047","30444","27307"
"27049","46403","43482"
"27051","6021","4993"
"27053","1259428","1572903"
"27055","18578","15666"
"27057","21332","17805"
"27059","39966","31084"
"27061","45108","41627"
"27063","9911","10001"
"27065","16207","11490"
"27067","42855","44974"
"27069","4248","3641"
"27071","12440","11776"
"27073","6658","5734"
"27075","10658","10151"
"27077","3758","3150"
"27079","28494","21302"
"27081","5673","3902"
"27083","25629","30765"
"27085","35873","34818"
"27087","5519","5327"
"27089","9390","6680"
"27091","19785","19393"
"27093","23141","17136"
"27095","26139","26096"
"27097","33169","29129"
"27099","40011","38445"
"27101","8276","6639"
"27103","34220","31457"
"27105","21924","22577"
"27107","6475","5005"
"27109","156277","176301"
"27111","58812","53067"
"27113","14178","18077"
"27115","29483","24544"
"27117","9047","9691"
"27119","31529","29622"
"27121","11097","9158"
"27123","550210","649135"
"27125","3999","3100"
"27127","15249","14256"
"27129","14612","12622"
"27131","66523","60205"
"27133","9414","7442"
"27135","15150","15858"
"27137","199754","213091"
"27139","147381","120093"
"27141","96036","70447"
"27143","15028","11154"
"27145","159256","175297"
"27147","36803","39933"
"27149","9753","11407"
"27151","9345","8632"
"27153","24582","17519"
"27155","3308","2882"
"27157","21645","17193"
"27159","13773","15869"
"27161","18691","16939"
"27163","259201","211466"
"27165","10980","9478"
"27167","6254","4916"
"27169","50825","54413"
"27171","136349","109728"
"27173","9795","9227"
"28001","31192","31301"
"28003","36925","35868"
"28005","12326","9685"
"28007","18365","16925"
"28009","8271","6234"
"28011","31333","33222"
"28013","14436","12172"
"28015","9911","7066"
"28017","17171","16188"
"28019","8278","7140"
"28021","9002","11624"
"28023","15604","13703"
"28025","19386","17178"
"28027","22628","23933"
"28029","28543","27835"
"28031","18853","15440"
"28033","182001","159943"
"28035","75036","92883"
"28037","7788","6797"
"28039","24250","20792"
"28041","13586","11735"
"28043","21055","24117"
"28045","47334","42277"
"28047","206650","213556"
"28049","237085","265106"
"28051","17622","17696"
"28053","8257","8526"
"28055","1308","1068"
"28057","23517","20899"
"28059","143277","138658"
"28061","16428","14223"
"28063","7106","6578"
"28065","11234","8859"
"28067","68461","73917"
"28069","10027","10740"
"28071","54793","65782"
"28073","62447","51112"
"28075","75317","81129"
"28077","12455","10606"
"28079","22763","19285"
"28081","85202","104165"
"28083","28919","34744"
"28085","34205","33172"
"28087","58930","61396"
"28089","105630","113156"
"28091","24715","23454"
"28093","35451","28961"
"28095","35564","30254"
"28097","10023","8813"
"28099","29125","30040"
"28101","21443","19848"
"28103","10535","9401"
"28105","49599","60248"
"28107","34178","32476"
"28109","55387","46265"
"28111","11931","9740"
"28113","39563","42690"
"28115","31833","31113"
"28117","25315","23176"
"28119","7051","5787"
"28121","153902","145051"
"28123","28287","30097"
"28125","4377","4275"
"28127","26758","22778"
"28129","16002","12347"
"28131","18717","18626"
"28133","25735","28334"
"28135","13987","12513"
"28137","28759","27968"
"28139","21995","20392"
"28141","19454","17908"
"28143","9944","14344"
"28145","28606","26548"
"28147","14465","11641"
"28149","46176","47533"
"28151","45063","47600"
"28153","20298","18317"
"28155","9788","7602"
"28157","8792","7819"
"28159","18165","16390"
"28161","12392","10289"
"28163","28248","25993"
"29001","25339","31280"
"29003","17607","10571"
"29005","5171","4453"
"29007","25473","24313"
"29009","35886","35154"
"29011","11798","9952"
"29013","16320","12659"
"29015","19278","16365"
"29017","12169","8372"
"29019","180005","199787"
"29021","88571","98120"
"29023","42639","46800"
"29025","9108","6933"
"29027","44889","39253"
"29029","45815","42895"
"29031","78753","86486"
"29033","8743","6912"
"29035","6054","5256"
"29037","104954","79121"
"29039","14165","12031"
"29041","7451","5922"
"29043","86983","61899"
"29045","6842","5269"
"29047","246365","228802"
"29049","20470","14871"
"29051","76796","99036"
"29053","17603","15355"
"29055","23957","19933"
"29057","7569","5963"
"29059","16762","11802"
"29061","8313","6026"
"29063","12630","10596"
"29065","15441","12876"
"29067","13373","10441"
"29069","29423","27983"
"29071","103670","97790"
"29073","14705","13728"
"29075","6628","5656"
"29077","291923","338093"
"29079","9914","9758"
"29081","8414","7637"
"29083","21792","19659"
"29085","9509","7588"
"29087","4404","3462"
"29089","10137","10254"
"29091","40076","40024"
"29093","10177","10746"
"29095","700307","763152"
"29097","120636","132400"
"29099","224347","162668"
"29101","53652","52661"
"29103","3947","3072"
"29105","35713","33747"
"29107","32598","26116"
"29109","38359","31460"
"29111","9855","8181"
"29113","57686","42926"
"29115","12037","11561"
"29117","15146","14498"
"29119","23078","20402"
"29121","15153","13338"
"29123","12188","11039"
"29125","8769","6002"
"29127","28592","30992"
"29129","3641","3665"
"29131","25336","21943"
"29133","13336","11684"
"29135","16121","13168"
"29137","8664","7105"
"29139","11534","9011"
"29141","20358","16429"
"29143","17296","16457"
"29145","58266","52485"
"29147","22304","22885"
"29149","10541","9332"
"29151","13714","11782"
"29153","9017","7099"
"29155","16272","15834"
"29157","19150","19697"
"29159","42542","44423"
"29161","44732","49196"
"29163","18504","17121"
"29165","102985","98078"
"29167","32201","29122"
"29169","52014","47251"
"29171","4757","3546"
"29173","10212","7173"
"29175","24763","24336"
"29177","22883","16317"
"29179","6254","5485"
"29181","13401","11430"
"29183","399182","345201"
"29185","9395","7606"
"29186","17888","14016"
"29187","66692","68205"
"29189","996945","1159991"
"29195","22895","22699"
"29197","4599","3108"
"29199","4966","3781"
"29201","38458","37032"
"29203","8189","7022"
"29205","6050","5254"
"29207","29206","27616"
"29209","31749","24638"
"29211","6221","6104"
"29213","55852","62979"
"29215","25571","21933"
"29217","20528","18849"
"29219","34711","25587"
"29221","24943","19691"
"29223","13122","10672"
"29225","39109","28435"
"29227","2040","1346"
"29229","18378","16083"
"29510","302838","408232"
"30001","9404","9221"
"30003","13338","12883"
"30005","6807","6196"
"30007","6085","5004"
"30009","10714","8309"
"30011","1238","815"
"30013","81643","81844"
"30015","5745","4418"
"30017","11586","11431"
"30019","1747","1529"
"30021","8680","8225"
"30023","9131","7510"
"30025","2920","2741"
"30027","11113","10303"
"30029","102106","102634"
"30031","111876","115858"
"30033","1268","914"
"30035","13747","12786"
"30037","826","704"
"30039","3378","2606"
"30041","16347","16876"
"30043","12097","8997"
"30045","1952","1587"
"30047","30250","27252"
"30049","68700","73113"
"30051","2430","1994"
"30053","19794","17933"
"30055","1675","1270"
"30057","8768","8712"
"30059","1866","1557"
"30061","4316","3792"
"30063","118791","123202"
"30065","4651","3777"
"30067","16736","14758"
"30069","513","387"
"30071","4074","3661"
"30073","5972","4958"
"30075","1716","1385"
"30077","6968","6616"
"30079","1087","869"
"30081","43172","35263"
"30083","10913","11011"
"30085","11059","10904"
"30087","9063","9894"
"30089","11844","10386"
"30091","3424","3217"
"30093","34993","36533"
"30095","9534","8080"
"30097","3710","3442"
"30099","6162","5262"
"30101","4853","4646"
"30103","679","510"
"30105","7437","6840"
"30107","2236","2101"
"30109","1034","855"
"30111","160137","167261"
"31001","31511","33403"
"31003","6336","5188"
"31005","465","284"
"31007","730","543"
"31009","476","338"
"31011","5239","4996"
"31013","10772","9727"
"31015","1955","1598"
"31017","2973","2929"
"31019","49615","53161"
"31021","6488","5309"
"31023","8058","6599"
"31025","26159","18912"
"31027","8446","6979"
"31029","3977","3858"
"31031","5761","4944"
"31033","9310","10429"
"31035","6214","5774"
"31037","10881","11515"
"31039","8940","8925"
"31041","10840","9528"
"31043","20083","23534"
"31045","8716","7665"
"31047","23709","24013"
"31049","1825","1570"
"31051","5709","4290"
"31053","36791","38048"
"31055","566880","662344"
"31057","1770","1178"
"31059","5527","4913"
"31061","3023","2341"
"31063","2608","2378"
"31065","4715","4666"
"31067","21493","23087"
"31069","1897","1385"
"31071","1987","1839"
"31073","1996","1244"
"31075","660","609"
"31077","2356","1960"
"31079","61607","69690"
"31081","9280","8594"
"31083","3401","2360"
"31085","916","502"
"31087","2806","2273"
"31089","10178","9743"
"31091","682","730"
"31093","6468","5333"
"31095","7097","7266"
"31097","5134","4740"
"31099","6544","5330"
"31101","8021","7099"
"31103","810","392"
"31105","3618","3103"
"31107","8419","7519"
"31109","317272","337586"
"31111","35185","33330"
"31113","749","522"
"31115","618","392"
"31117","492","131"
"31119","35392","42442"
"31121","7733","6634"
"31123","4686","3788"
"31125","3532","2893"
"31127","6958","7519"
"31129","4195","3557"
"31131","15985","14630"
"31133","2632","2394"
"31135","2929","2400"
"31137","8996","9339"
"31139","7142","5354"
"31141","33363","36914"
"31143","5278","4066"
"31145","10726","10354"
"31147","7937","6626"
"31149","1360","1073"
"31151","14350","15852"
"31153","184459","165655"
"31155","21303","16993"
"31157","35989","36404"
"31159","17318","18442"
"31161","5190","4328"
"31163","3038","2217"
"31165","1187","550"
"31167","5970","3564"
"31169","5039","5010"
"31171","720","645"
"31173","7303","7951"
"31175","4190","4238"
"31177","20667","17889"
"31179","9403","10059"
"31181","3533","3138"
"31183","805","605"
"31185","13772","15193"
"32001","24440","22387"
"32003","2231647","2213800"
"32005","48467","46197"
"32007","52460","49293"
"32009","826","607"
"32011","2003","5484"
"32013","16786","16862"
"32015","5575","6031"
"32017","5201","5271"
"32019","55808","46041"
"32021","4514","4352"
"32023","45346","41364"
"32027","6666","5546"
"32029","4029","16314"
"32031","465735","468026"
"32033","9475","9000"
"32510","55414","62720"
"33001","61022","58574"
"33003","48779","47618"
"33005","76493","73688"
"33007","31589","29821"
"33009","89786","106660"
"33011","415247","404213"
"33013","151132","158289"
"33015","309176","288480"
"33017","130090","117388"
"33019","43144","35542"
"34001","265429","295117"
"34003","936692","966625"
"34005","445384","445882"
"34007","507078","497797"
"34009","92560","95569"
"34011","150972","157421"
"34013","799767","848412"
"34015","291408","283676"
"34017","676061","625791"
"34019","124714","112364"
"34021","369416","465221"
"34023","829685","896193"
"34025","621354","600951"
"34027","494228","563644"
"34029","601651","520269"
"34031","503310","469111"
"34033","62607","58995"
"34035","331164","368434"
"34037","140799","110410"
"34039","558067","555145"
"34041","105779","89670"
"35001","678701","715438"
"35003","3578","3170"
"35005","64689","61767"
"35006","26746","25064"
"35007","12110","11717"
"35009","49437","47563"
"35011","1781","1388"
"35013","217522","205673"
"35015","57900","59168"
"35017","27346","26162"
"35019","4341","4519"
"35021","655","592"
"35023","4240","3844"
"35025","69611","73886"
"35027","19556","18241"
"35028","19101","27708"
"35029","23963","24203"
"35031","72290","71826"
"35033","4506","2827"
"35035","66781","57132"
"35037","8253","8390"
"35039","39006","33067"
"35041","18743","18222"
"35043","145179","111342"
"35045","124876","125903"
"35047","27591","26718"
"35049","150056","144392"
"35051","10968","10760"
"35053","16194","16420"
"35055","32835","29479"
"35057","15591","13927"
"35059","4118","3856"
"35061","76456","61919"
"36001","307117","411599"
"36003","46430","45680"
"36005","1432132","1187614"
"36007","191659","211839"
"36009","76840","76605"
"36011","77145","69357"
"36013","127939","131933"
"36015","84254","87113"
"36017","47536","44782"
"36019","80695","84936"
"36021","59916","53063"
"36023","47823","48221"
"36025","44527","43238"
"36027","293718","285114"
"36029","919719","1020358"
"36031","37300","37444"
"36033","50293","51525"
"36035","53591","49791"
"36037","57511","56150"
"36039","47491","43760"
"36041","4434","4099"
"36043","61833","53444"
"36045","111755","112855"
"36047","2582823","2235749"
"36049","26447","22156"
"36051","63227","57885"
"36053","70876","65117"
"36055","742474","829687"
"36057","49455","49711"
"36059","1358343","1376786"
"36061","1628701","3523768"
"36063","210433","195210"
"36065","229577","250229"
"36067","461809","527784"
"36069","109864","115849"
"36071","381951","370403"
"36073","40612","37420"
"36075","117898","109274"
"36077","59749","60954"
"36079","98892","75343"
"36081","2278906","1903434"
"36083","159442","147673"
"36085","476179","391518"
"36087","325695","310170"
"36089","108047","109963"
"36091","230163","209761"
"36093","155350","150883"
"36095","31097","27388"
"36097","17912","14873"
"36099","34300","31731"
"36101","95796","95544"
"36103","1481093","1463695"
"36105","75498","69183"
"36107","48560","40515"
"36109","102793","120150"
"36111","178599","158927"
"36113","64265","76535"
"36115","61197","50154"
"36117","90064","77737"
"36119","967612","977597"
"36121","40085","35771"
"36123","24841","21543"
"37001","166436","158882"
"37003","37353","28923"
"37005","11161","10570"
"37007","24877","22808"
"37009","27109","22312"
"37011","17505","18297"
"37013","47079","45808"
"37015","19026","17695"
"37017","33190","33123"
"37019","136744","120866"
"37021","259103","265909"
"37023","90382","81935"
"37025","211342","188239"
"37027","82029","72893"
"37029","10710","7132"
"37031","69524","66998"
"37033","22698","16521"
"37035","158652","176689"
"37037","73139","55397"
"37039","28383","26542"
"37041","14029","13472"
"37043","11139","8464"
"37045","97645","90013"
"37047","55655","51637"
"37049","102912","103148"
"37051","332330","337373"
"37053","27072","20912"
"37055","36501","38342"
"37057","166614","134833"
"37059","42733","35965"
"37061","58856","54829"
"37063","316739","384289"
"37065","52005","48992"
"37067","379099","401666"
"37069","67560","49308"
"37071","222846","197637"
"37073","11573","7701"
"37075","8484","7279"
"37077","60115","53026"
"37079","21012","16102"
"37081","533670","598204"
"37083","50574","46538"
"37085","134214","108514"
"37087","61971","52934"
"37089","116748","104080"
"37091","23659","25304"
"37093","54764","40215"
"37095","5230","5229"
"37097","178435","172055"
"37099","43327","42940"
"37101","202675","161448"
"37103","9637","9632"
"37105","61452","63555"
"37107","55976","59336"
"37109","83770","67470"
"37111","45507","41652"
"37113","35285","32638"
"37115","21763","16363"
"37117","22671","21163"
"37119","1093901","1245250"
"37121","15000","13660"
"37123","27271","25830"
"37125","98682","95633"
"37127","94016","97396"
"37129","232274","242347"
"37131","19676","18652"
"37133","197683","174410"
"37135","146027","159632"
"37137","12670","11654"
"37139","39639","40588"
"37141","62162","47294"
"37143","13422","10605"
"37145","39507","31783"
"37147","179914","181836"
"37149","20611","16700"
"37151","143351","126335"
"37153","44887","44985"
"37155","131831","127680"
"37157","90690","78029"
"37159","141262","130875"
"37161","66826","62677"
"37163","63626","55611"
"37165","34810","36987"
"37167","62075","53690"
"37169","45467","32202"
"37171","71948","71612"
"37173","14245","18124"
"37175","34215","30165"
"37177","4131","4079"
"37179","235908","185702"
"37181","44582","43176"
"37183","1092305","1131264"
"37185","19807","16390"
"37187","11859","10491"
"37189","55945","62410"
"37191","123248","116696"
"37193","68557","63290"
"37195","81455","87366"
"37197","37543","30604"
"37199","17903","14088"
"38001","2294","2179"
"38003","10542","10439"
"38005","6962","6283"
"38007","919","956"
"38009","6411","6114"
"38011","3076","3235"
"38013","2100","1785"
"38015","95273","107537"
"38017","181516","206692"
"38019","3829","3449"
"38021","4903","4747"
"38023","2283","1734"
"38025","4332","3296"
"38027","2313","1999"
"38029","3295","2987"
"38031","3216","3499"
"38033","1769","1652"
"38035","70770","79829"
"38037","2374","1726"
"38039","2232","2132"
"38041","2514","2093"
"38043","2450","1925"
"38045","4062","3559"
"38047","1903","1816"
"38049","5816","4236"
"38051","2585","2636"
"38053","13632","14769"
"38055","9541","8853"
"38057","8267","9448"
"38059","31095","27539"
"38061","10218","9419"
"38063","2869","2604"
"38065","1952","1774"
"38067","6947","7488"
"38069","4081","4307"
"38071","11481","12423"
"38073","5237","4742"
"38075","2374","2194"
"38077","16239","16246"
"38079","14301","14860"
"38081","3870","4779"
"38083","1349","945"
"38085","4358","4186"
"38087","763","459"
"38089","30997","34059"
"38091","1903","1480"
"38093","20917","22949"
"38095","2192","1747"
"38097","8037","7615"
"38099","10667","10940"
"38101","67744","69308"
"38103","3957","3700"
"38105","35350","41424"
"39001","27724","24082"
"39003","102663","115482"
"39005","53745","49104"
"39007","97493","86550"
"39009","65818","71240"
"39011","45804","43461"
"39013","67505","63232"
"39015","43602","34011"
"39017","382378","365479"
"39019","27081","20036"
"39021","38754","31955"
"39023","134585","128111"
"39025","205466","162483"
"39027","42057","45402"
"39029","102665","88739"
"39031","36629","32939"
"39033","41550","37470"
"39035","1243857","1444943"
"39037","51323","44895"
"39039","38165","36960"
"39041","204826","190621"
"39043","74615","81392"
"39045","155782","125689"
"39047","28666","27659"
"39049","1310300","1473225"
"39051","42276","40665"
"39053","29979","31209"
"39055","94031","83911"
"39057","167995","176863"
"39059","39022","36081"
"39061","816684","990846"
"39063","75930","87102"
"39065","31480","27767"
"39067","15174","12216"
"39069","27086","27789"
"39071","43058","38548"
"39073","28385","22227"
"39075","43892","43150"
"39077","58504","53741"
"39079","32384","30852"
"39081","65767","63630"
"39083","61893","53338"
"39085","230514","213804"
"39087","59866","51075"
"39089","175769","156015"
"39091","45358","43176"
"39093","309461","268022"
"39095","429899","453740"
"39097","44413","41879"
"39099","229642","239440"
"39101","65256","65409"
"39103","179146","147771"
"39105","23106","18316"
"39107","40959","40824"
"39109","106222","97843"
"39111","13790","11915"
"39113","532331","561102"
"39115","14604","10961"
"39117","35112","23860"
"39119","86183","87189"
"39121","14354","12618"
"39123","40769","35649"
"39125","18760","15454"
"39127","36033","27670"
"39129","58086","48306"
"39131","28067","28052"
"39133","162927","148691"
"39135","40997","31360"
"39137","33780","28413"
"39139","121099","125158"
"39141","76931","73621"
"39143","58799","58347"
"39145","75502","74429"
"39147","55207","49748"
"39149","48627","53650"
"39151","371574","369191"
"39153","541918","569816"
"39155","198627","186108"
"39157","92176","90640"
"39159","57835","65532"
"39161","28281","25607"
"39163","13139","10324"
"39165","232173","212673"
"39167","60155","61897"
"39169","115967","110296"
"39171","36804","36358"
"39173","130696","141080"
"39175","21935","19421"
"40001","22082","19582"
"40003","5754","5049"
"40005","13838","12740"
"40007","5319","4389"
"40009","21709","21523"
"40011","9485","9274"
"40013","47192","46989"
"40015","28977","25973"
"40017","144447","113495"
"40019","48177","51746"
"40021","48675","47465"
"40023","14668","13740"
"40025","2153","1717"
"40027","281669","238555"
"40029","5520","4714"
"40031","120422","119298"
"40033","5776","4805"
"40035","14306","14389"
"40037","71604","61071"
"40039","29036","29569"
"40041","42733","34945"
"40043","4894","4194"
"40045","3952","3305"
"40047","60913","60642"
"40049","27811","26642"
"40051","55551","43775"
"40053","4326","3256"
"40055","5821","5248"
"40057","2664","2198"
"40059","3797","3204"
"40061","12668","12298"
"40063","13335","11624"
"40065","24949","26329"
"40067","6123","4853"
"40069","10949","11176"
"40071","44161","46047"
"40073","15816","15211"
"40075","8729","7638"
"40077","10231","10078"
"40079","49980","47693"
"40081","34920","25826"
"40083","47291","31489"
"40085","10134","10407"
"40087","39985","31636"
"40089","32703","31534"
"40091","19815","17560"
"40093","7644","6366"
"40095","16806","14768"
"40097","41107","35922"
"40099","13953","13847"
"40101","68362","74283"
"40103","11289","10587"
"40105","10218","7633"
"40107","12098","10211"
"40109","792582","927761"
"40111","38335","35007"
"40113","47014","33410"
"40115","31175","31867"
"40117","16390","12827"
"40119","82040","88377"
"40121","43877","45063"
"40123","38247","41545"
"40125","72679","66934"
"40127","11179","9516"
"40129","3656","2823"
"40131","91984","76494"
"40133","24578","24515"
"40135","41179","35691"
"40137","43265","40746"
"40139","20455","22709"
"40141","7348","6480"
"40143","648360","726833"
"40145","80110","49600"
"40147","51843","51498"
"40149","11127","8720"
"40151","8897","8936"
"40153","20222","20960"
"41001","16006","15759"
"41003","92101","94756"
"41005","416075","375634"
"41007","39764","40173"
"41009","52377","39969"
"41011","64389","63603"
"41013","23867","21304"
"41015","22813","21258"
"41017","191996","189159"
"41019","110283","105836"
"41021","1894","1912"
"41023","7176","6878"
"41025","7329","6661"
"41027","23428","24626"
"41029","219564","215771"
"41031","24192","21346"
"41033","87393","81228"
"41035","67653","65796"
"41037","7879","7531"
"41039","379611","378855"
"41041","49388","48370"
"41043","127335","120979"
"41045","30725","32854"
"41047","346868","358691"
"41049","11372","12357"
"41051","811880","928073"
"41053","85234","69546"
"41055","1708","1806"
"41057","26787","25549"
"41059","77516","73894"
"41061","26461","25706"
"41063","7081","6708"
"41065","26505","26437"
"41067","597695","590440"
"41069","1366","1603"
"41071","107002","95000"
"42001","102811","87518"
"42003","1218452","1379789"
"42005","65263","51562"
"42007","164742","140986"
"42009","48176","42293"
"42011","420152","408167"
"42013","122492","128696"
"42015","60833","57165"
"42017","628195","581595"
"42019","187888","188753"
"42021","131730","135634"
"42023","4492","4381"
"42025","64227","51797"
"42027","162805","178086"
"42029","522046","527588"
"42031","38779","38581"
"42033","79388","77389"
"42035","38684","36060"
"42037","65456","64634"
"42039","85063","79741"
"42041","251423","271219"
"42043","277097","349643"
"42045","564751","526240"
"42047","30169","30544"
"42049","272061","290905"
"42051","130441","117543"
"42053","7279","7529"
"42055","154835","142665"
"42057","14523","12824"
"42059","36506","35049"
"42061","45168","39495"
"42063","84501","83584"
"42065","43641","39962"
"42067","24704","19224"
"42069","210793","219488"
"42071","543557","534848"
"42073","86184","78379"
"42075","141314","126614"
"42077","368100","394044"
"42079","317646","326682"
"42081","113664","116559"
"42083","40968","40820"
"42085","110683","114161"
"42087","46222","42048"
"42089","169507","151452"
"42091","828604","944103"
"42093","18240","25752"
"42095","304807","287439"
"42097","91083","79885"
"42099","46139","30867"
"42101","1584138","1681222"
"42103","55933","45320"
"42105","16622","15048"
"42107","142067","128223"
"42109","40540","39318"
"42111","73952","66388"
"42113","6071","5307"
"42115","40589","31263"
"42117","40763","37110"
"42119","44785","44331"
"42121","51266","48113"
"42123","39498","35981"
"42125","207346","199224"
"42127","51276","44235"
"42129","350611","321164"
"42131","27046","23665"
"42133","448273","411956"
"44001","48649","40775"
"44003","163861","162920"
"44005","82542","84289"
"44007","636084","652844"
"44009","126179","125020"
"45001","24541","20149"
"45003","169401","161754"
"45005","8903","9743"
"45007","200482","184905"
"45009","14275","13557"
"45011","21112","19135"
"45013","188715","189656"
"45015","221091","174423"
"45017","14520","12793"
"45019","405905","482270"
"45021","57078","54066"
"45023","32251","28879"
"45025","45754","40669"
"45027","33700","29893"
"45029","37660","32974"
"45031","66802","58896"
"45033","30599","27925"
"45035","160647","122090"
"45037","27052","22421"
"45039","22402","19896"
"45041","138159","144342"
"45043","62249","62867"
"45045","514213","565126"
"45047","70741","72946"
"45049","19351","16369"
"45051","344147","350533"
"45053","28971","26886"
"45055","65592","55993"
"45057","95380","82563"
"45059","66994","61203"
"45061","17142","14271"
"45063","295032","275820"
"45065","9410","9277"
"45067","31039","25127"
"45069","26398","24632"
"45071","38520","36655"
"45073","78374","70079"
"45075","86934","89393"
"45077","124937","120649"
"45079","414576","481225"
"45081","20544","16672"
"45083","313888","321418"
"45085","106512","103905"
"45087","27410","24667"
"45089","30606","27667"
"45091","274118","244884"
"46003","2801","2405"
"46005","18883","18741"
"46007","3468","2801"
"46009","6980","6032"
"46011","35232","39983"
"46013","39316","41212"
"46015","5229","5282"
"46017","2036","1298"
"46019","10222","8113"
"46021","1377","999"
"46023","9338","8951"
"46025","3739","2950"
"46027","14041","15901"
"46029","28015","31351"
"46031","4165","3741"
"46033","8726","7196"
"46035","19790","23110"
"46037","5505","4741"
"46039","4337","3701"
"46041","5904","5269"
"46043","2935","2447"
"46045","3875","3107"
"46047","6758","6688"
"46049","2330","1892"
"46051","7147","6957"
"46053","4212","3903"
"46055","1918","1589"
"46057","6111","5062"
"46059","3262","2990"
"46061","3376","2208"
"46063","1249","998"
"46065","17650","19444"
"46067","7380","6766"
"46069","1282","990"
"46071","3307","2492"
"46073","2043","2538"
"46075","928","929"
"46077","4919","4471"
"46079","13057","12876"
"46081","25741","26083"
"46083","58807","46472"
"46085","3821","3296"
"46087","5546","3900"
"46089","2407","2024"
"46091","5112","4409"
"46093","28294","21480"
"46095","2042","1594"
"46097","2213","1787"
"46099","192876","222180"
"46101","6579","5082"
"46102","14309","12837"
"46103","111729","117794"
"46105","2922","2716"
"46107","2207","2043"
"46109","10447","9436"
"46111","2429","1994"
"46115","6495","5766"
"46117","3022","2594"
"46119","1392","1190"
"46121","10283","9946"
"46123","5478","4897"
"46125","8424","6107"
"46127","15619","18125"
"46129","5587","4959"
"46135","22869","25087"
"46137","2742","2116"
"47001","76482","79841"
"47003","49038","47683"
"47005","16184","13709"
"47007","14755","12968"
"47009","131349","123605"
"47011","106727","105822"
"47013","39583","35188"
"47015","14462","10591"
"47017","28020","27457"
"47019","56351","45871"
"47021","40439","28266"
"47023","17276","14153"
"47025","31756","32578"
"47027","7717","6731"
"47029","35774","30450"
"47031","55700","58514"
"47033","14328","12126"
"47035","59673","57166"
"47037","692587","850663"
"47039","11706","10998"
"47041","20138","18675"
"47043","53446","46561"
"47045","37320","38597"
"47047","40507","29399"
"47049","18217","16433"
"47051","41890","36232"
"47053","49045","43695"
"47055","29503","26816"
"47057","23145","18059"
"47059","69087","68594"
"47061","13346","10925"
"47063","64569","73072"
"47065","364286","413173"
"47067","6549","5503"
"47069","25220","23635"
"47071","25776","24417"
"47073","56530","47462"
"47075","17335","15070"
"47077","27847","25084"
"47079","32358","30775"
"47081","25063","17861"
"47083","8263","6763"
"47085","18486","16896"
"47087","11758","8990"
"47089","54012","45178"
"47091","17778","14882"
"47093","465289","501435"
"47095","7411","7266"
"47097","25825","23464"
"47099","43734","37146"
"47101","12086","10237"
"47103","34117","29443"
"47105","53054","47390"
"47107","53285","51034"
"47109","25832","23635"
"47111","24265","19071"
"47113","97605","116498"
"47115","28575","24923"
"47117","33683","29416"
"47119","94340","86292"
"47121","12306","9754"
"47123","46357","42602"
"47125","205950","178600"
"47127","6411","7282"
"47129","21579","17413"
"47131","30267","29180"
"47133","22068","18104"
"47135","8064","7149"
"47137","5082","4161"
"47139","16898","12583"
"47141","78843","87639"
"47143","33044","32563"
"47145","53140","55903"
"47147","71012","58222"
"47149","324890","296813"
"47151","22039","20844"
"47153","14876","12039"
"47155","97892","96282"
"47157","935764","1047214"
"47159","19942","16367"
"47161","13561","11405"
"47163","157668","164438"
"47165","187149","150987"
"47167","61581","47012"
"47169","11012","7948"
"47171","17761","15778"
"47173","19688","15576"
"47175","5765","4698"
"47177","40878","38868"
"47179","128607","138998"
"47181","16558","14672"
"47183","33415","31540"
"47185","27107","22853"
"47187","231729","247208"
"47189","140625","116399"
"48001","58057","54987"
"48003","18128","17123"
"48005","87092","90693"
"48007","23792","19867"
"48009","8786","6931"
"48011","1892","1496"
"48013","50310","42780"
"48015","29989","27685"
"48017","7027","7193"
"48019","22824","16527"
"48021","86976","65186"
"48023","3582","3369"
"48025","32587","38777"
"48027","353495","336509"
"48029","1986049","2005038"
"48031","11702","8327"
"48033","648","692"
"48035","18691","14356"
"48037","94324","103690"
"48039","370200","323828"
"48041","226758","253108"
"48043","9267","9999"
"48045","1516","1365"
"48047","7114","7478"
"48049","37924","40870"
"48051","18389","15046"
"48053","47542","41784"
"48055","43247","39969"
"48057","21561","22834"
"48059","13994","9650"
"48061","423908","416880"
"48063","13033","12514"
"48065","6005","8116"
"48067","30119","27026"
"48069","7665","6860"
"48071","42454","39646"
"48073","52592","49917"
"48075","7291","7287"
"48077","10456","7224"
"48079","2836","2744"
"48081","3370","2679"
"48083","8397","7853"
"48085","1005146","926980"
"48087","2962","2840"
"48089","21217","18829"
"48091","148373","144970"
"48093","13534","12389"
"48095","4276","3724"
"48097","40574","41697"
"48099","74808","69126"
"48101","1389","1279"
"48103","4794","4394"
"48105","3499","3327"
"48107","5779","4979"
"48109","2204","2502"
"48111","7200","7393"
"48113","2637772","3177978"
"48115","12619","12910"
"48117","18760","18673"
"48119","5349","4168"
"48121","859064","669118"
"48123","20187","20910"
"48125","2249","2116"
"48127","10268","8385"
"48129","3316","2905"
"48131","11212","10388"
"48133","18322","19651"
"48135","162124","163440"
"48137","1928","1798"
"48139","179436","150674"
"48141","840681","838534"
"48143","42446","45379"
"48145","17335","13809"
"48147","35286","27236"
"48149","25349","23791"
"48151","3839","3159"
"48153","5837","4856"
"48155","1200","1003"
"48157","787858","598903"
"48159","10766","9359"
"48161","19808","19174"
"48163","19816","17519"
"48165","20901","17721"
"48167","337890","294660"
"48169","6578","6656"
"48171","26804","25684"
"48173","1388","1205"
"48175","7584","6031"
"48177","20826","19531"
"48179","21895","22324"
"48181","133991","124412"
"48183","123707","150113"
"48185","28360","24908"
"48187","163694","126234"
"48189","33830","34821"
"48191","3028","2683"
"48193","8484","7934"
"48195","5463","5357"
"48197","3922","3685"
"48199","57207","46529"
"48201","4698619","5006657"
"48203","66726","67014"
"48205","5619","6479"
"48207","5813","5581"
"48209","222631","196059"
"48211","3825","3963"
"48213","82299","63845"
"48215","865939","837570"
"48217","36354","32765"
"48219","22980","26416"
"48221","60537","52446"
"48223","36810","33878"
"48225","23169","20885"
"48227","36459","37810"
"48229","4720","4160"
"48231","96493","88784"
"48233","21198","21937"
"48235","1522","1622"
"48237","8843","8356"
"48239","14874","14409"
"48241","35520","32124"
"48243","2252","11949"
"48245","255001","287775"
"48247","5248","5199"
"48249","40822","41762"
"48251","171361","148545"
"48253","19817","17403"
"48255","15650","15732"
"48257","128622","105020"
"48259","45641","41277"
"48261","442","701"
"48263","726","641"
"48265","52405","59367"
"48267","4362","4189"
"48269","277","277"
"48271","3767","3528"
"48273","31129","35373"
"48275","3649","3202"
"48277","49728","52111"
"48279","13158","12633"
"48281","21229","16164"
"48283","7531","7144"
"48285","20110","17023"
"48287","17144","16093"
"48289","17270","15593"
"48291","86323","75788"
"48293","23383","22689"
"48295","3355","2978"
"48297","11672","10571"
"48299","21646","18409"
"48301","152","163"
"48303","307412","317146"
"48305","5877","5245"
"48307","7987","7708"
"48309","254607","279120"
"48311","749","814"
"48313","14422","15539"
"48315","9928","7251"
"48317","5753","5338"
"48319","4280","3882"
"48321","36552","32910"
"48323","58485","57841"
"48325","50921","42292"
"48327","2139","1759"
"48329","172578","176335"
"48331","25131","21314"
"48333","4921","4246"
"48335","8145","7830"
"48337","19596","16222"
"48339","590925","521066"
"48341","21485","21737"
"48343","12339","11609"
"48345","1234","1061"
"48347","65711","67131"
"48349","49565","49955"
"48351","13746","9788"
"48353","14751","14987"
"48355","362265","378079"
"48357","9947","10472"
"48359","2131","2495"
"48361","83572","73292"
"48363","28875","25123"
"48365","23148","22704"
"48367","138371","114610"
"48369","9864","11596"
"48371","15673","15781"
"48373","50031","45243"
"48375","119648","153428"
"48377","6948","6445"
"48379","12159","8514"
"48381","136271","101036"
"48383","3741","4125"
"48385","3478","3259"
"48387","12175","10304"
"48389","15695","14049"
"48391","7032","6720"
"48393","903","781"
"48395","17284","14256"
"48397","100657","81957"
"48399","10234","8017"
"48401","54450","49128"
"48403","10589","11181"
"48405","8232","7531"
"48407","28719","18897"
"48409","66893","59895"
"48411","6054","5213"
"48413","2895","2323"
"48415","16866","17942"
"48417","3253","2770"
"48419","25418","24140"
"48421","3079","3082"
"48423","230221","238001"
"48425","9016","9642"
"48427","64409","53201"
"48429","9427","8109"
"48431","1311","1485"
"48433","1362","1357"
"48435","3758","4531"
"48437","7462","7142"
"48439","2084931","2023507"
"48441","137640","143063"
"48443","823","605"
"48445","12287","11199"
"48447","1515","1392"
"48449","33033","38634"
"48451","118189","118847"
"48453","1248743","1335583"
"48455","14740","12351"
"48457","21696","20311"
"48459","41260","31755"
"48461","3671","3947"
"48463","26846","29792"
"48465","49208","50722"
"48467","56019","43675"
"48469","92035","89946"
"48471","70001","80361"
"48473","53126","49529"
"48475","11720","10653"
"48477","35108","42166"
"48479","275910","283106"
"48481","41619","39954"
"48483","5191","5288"
"48485","132064","134597"
"48487","12820","15217"
"48489","21515","19525"
"48491","566719","463895"
"48493","50224","33474"
"48495","7720","6813"
"48497","68305","58708"
"48499","45129","39393"
"48501","8591","9278"
"48503","18045","17191"
"48505","14190","13237"
"48507","11983","11541"
"49001","6580","5270"
"49003","54950","50463"
"49005","127068","124565"
"49007","20269","20403"
"49009","980","1069"
"49011","351713","322862"
"49013","19964","20094"
"49015","10014","8983"
"49017","5080","5337"
"49019","9764","9945"
"49021","52775","51897"
"49023","11555","9756"
"49025","7709","7622"
"49027","13006","11859"
"49029","12045","8969"
"49031","1445","1341"
"49033","2464","2124"
"49035","1152633","1244633"
"49037","15449","13611"
"49039","30623","28598"
"49041","21539","21511"
"49043","41933","45683"
"49045","69907","55107"
"49047","35438","35402"
"49049","622213","594223"
"49051","33240","27260"
"49053","171700","167934"
"49055","2690","2468"
"49057","256359","231779"
"50001","36973","33854"
"50003","35631","38413"
"50005","30302","27355"
"50007","164572","188353"
"50009","6250","4710"
"50011","49421","42189"
"50013","7090","4201"
"50015","25300","25524"
"50017","28999","22813"
"50019","26907","26714"
"50021","58672","58975"
"50023","58140","62646"
"50025","42756","46181"
"50027","55286","52163"
"51001","32412","31563"
"51003","108718","124536"
"51005","14910","12818"
"51007","13013","9553"
"51009","31666","25925"
"51011","15841","12788"
"51013","237521","285902"
"51015","75457","70184"
"51017","4292","4026"
"51019","78808","59797"
"51021","6293","5548"
"51023","33277","27531"
"51025","16384","14202"
"51027","21221","21991"
"51029","16999","14014"
"51031","54973","47940"
"51033","30772","21808"
"51035","29636","23047"
"51036","6941","5146"
"51037","11938","10454"
"51041","348556","321119"
"51043","14523","11598"
"51045","5064","3565"
"51047","51859","44044"
"51049","9809","7159"
"51051","14523","13788"
"51053","28529","25391"
"51057","10919","9869"
"51059","1150795","1199283"
"51061","70675","58057"
"51063","15795","11452"
"51065","26783","17699"
"51067","56195","47125"
"51069","88355","77041"
"51071","16844","14095"
"51073","37349","29050"
"51075","23244","29260"
"51077","15631","10871"
"51079","19779","14343"
"51081","11627","12647"
"51083","34120","32651"
"51085","107239","104646"
"51087","329261","357883"
"51089","50953","46212"
"51091","2210","1595"
"51093","36953","29812"
"51095","76397","70639"
"51097","7042","4372"
"51099","26575","26125"
"51101","16939","12669"
"51103","10783","10667"
"51105","23541","19837"
"51107","406850","366899"
"51109","36778","28191"
"51111","12086","9434"
"51113","13295","9785"
"51115","8802","6601"
"51117","30650","31291"
"51119","10769","9415"
"51121","98985","106629"
"51125","14836","11907"
"51127","22391","15278"
"51131","11735","12192"
"51133","12147","9500"
"51135","15420","15682"
"51137","36644","30898"
"51139","23933","18433"
"51141","17673","16415"
"51143","60949","44580"
"51145","29189","22372"
"51147","22950","25483"
"51149","38082","39585"
"51153","468011","374366"
"51155","34066","35205"
"51157","7252","5469"
"51159","9038","8893"
"51161","94073","87349"
"51163","22752","18482"
"51165","81244","76501"
"51167","26748","23446"
"51169","21534","18308"
"51171","43497","36951"
"51173","30472","30221"
"51175","17586","12925"
"51177","134238","109496"
"51179","149960","125299"
"51181","6474","5484"
"51183","11237","10590"
"51185","40855","42404"
"51187","40003","33533"
"51191","54402","51952"
"51193","17830","12532"
"51195","38012","39260"
"51197","28754","28009"
"51199","67846","60272"
"51510","160530","170723"
"51520","16482","18830"
"51530","6237","6425"
"51540","48117","70066"
"51550","242634","223218"
"51570","17833","20757"
"51580","5460","7528"
"51590","40693","52084"
"51595","5121","5995"
"51600","24574","34812"
"51610","14772","18047"
"51620","8013","8897"
"51630","29144","43913"
"51640","6423","10534"
"51650","134313","130307"
"51660","54033","68505"
"51670","22596","22218"
"51678","7136","12523"
"51680","82126","106382"
"51683","41641","45251"
"51685","17307","12527"
"51690","12902","17189"
"51700","178626","202823"
"51710","244076","306857"
"51720","3968","6227"
"51730","31567","32449"
"51735","12190","7760"
"51740","94632","107607"
"51750","18339","20392"
"51760","228783","302341"
"51770","99920","125605"
"51775","25643","35494"
"51790","24922","25763"
"51800","91185","80063"
"51810","450189","410608"
"51820","22628","22484"
"51830","14896","27554"
"51840","28108","44021"
"53001","19759","19922"
"53003","22610","19401"
"53005","201877","198562"
"53007","77036","82914"
"53009","76737","75936"
"53011","481857","424230"
"53013","4059","3551"
"53015","108987","106887"
"53017","42907","35541"
"53019","7649","6921"
"53021","94347","94103"
"53023","2247","2102"
"53025","97331","95858"
"53027","73901","72060"
"53029","84460","67599"
"53031","31729","29616"
"53033","2233163","2506871"
"53035","269805","248495"
"53037","47364","45404"
"53039","22107","20222"
"53041","79604","76561"
"53043","10740","9325"
"53045","65507","56835"
"53047","42132","45339"
"53049","22036","21337"
"53051","13602","12039"
"53053","891299","820567"
"53055","17128","15914"
"53057","128206","126142"
"53059","11924","9113"
"53061","814901","691699"
"53063","514631","533726"
"53065","45260","39721"
"53067","286419","275332"
"53069","4426","3830"
"53071","60922","66146"
"53073","225685","222225"
"53075","49791","57253"
"53077","251446","254119"
"54001","16535","14276"
"54003","117123","102653"
"54005","21951","20745"
"54007","14089","13316"
"54009","22203","21313"
"54011","93224","115324"
"54013","7254","6313"
"54015","8632","7758"
"54017","8406","6477"
"54019","43018","39541"
"54021","8026","8392"
"54023","11626","9979"
"54025","34786","35644"
"54027","23347","17476"
"54029","29094","27723"
"54031","13775","15282"
"54033","67554","75674"
"54035","28706","25351"
"54037","56811","46055"
"54039","180454","217303"
"54041","16024","16593"
"54043","20599","16656"
"54045","32607","34740"
"54047","18223","19157"
"54049","56097","53484"
"54051","30785","30626"
"54053","26718","23912"
"54055","59131","61286"
"54057","26940","24792"
"54059","23785","23796"
"54061","106420","124380"
"54063","13280","9911"
"54065","17787","13408"
"54067","24842","24288"
"54069","41755","54957"
"54071","6997","5602"
"54073","7507","7840"
"54075","8414","8320"
"54077","33839","26968"
"54079","56682","53723"
"54081","74254","82421"
"54083","28823","30682"
"54085","9721","9251"
"54087","13932","12418"
"54089","12760","11019"
"54091","16862","12685"
"54093","6955","6805"
"54095","8746","8137"
"54097","24415","24018"
"54099","39944","34994"
"54101","8285","7361"
"54103","15270","14618"
"54105","5830","4641"
"54107","84203","88884"
"54109","20786","19860"
"55001","20348","16573"
"55003","15600","17475"
"55005","45164","46614"
"55007","15042","11813"
"55009","263378","293267"
"55011","13125","10574"
"55013","15392","13391"
"55015","50159","35421"
"55017","64135","56819"
"55019","34709","28162"
"55021","57358","52366"
"55023","16291","16084"
"55025","542364","605842"
"55027","87847","79179"
"55029","27610","30137"
"55031","43208","38017"
"55033","45131","42742"
"55035","104534","115820"
"55037","4321","3112"
"55039","103066","97664"
"55041","8991","8638"
"55043","51554","47474"
"55045","36929","33610"
"55047","18918","16485"
"55049","23771","21034"
"55051","5676","5140"
"55053","20478","19235"
"55055","85129","77944"
"55057","26617","23760"
"55059","169290","161977"
"55061","20383","17383"
"55063","118230","133333"
"55065","16665","11212"
"55067","19268","18549"
"55069","27689","25194"
"55071","79074","75583"
"55073","135428","138218"
"55075","40434","44225"
"55077","15434","11997"
"55078","4658","5154"
"55079","948201","1032484"
"55081","46051","44577"
"55083","37830","26636"
"55085","35470","35766"
"55087","187365","209612"
"55089","89147","83835"
"55091","7289","5925"
"55093","42555","32815"
"55095","43598","37382"
"55097","70942","71918"
"55099","13397","12437"
"55101","196584","178570"
"55103","17377","14234"
"55105","163129","151861"
"55107","14147","12800"
"55109","89694","73510"
"55111","64249","69442"
"55113","16489","16116"
"55115","40796","32352"
"55117","115456","119466"
"55119","20412","18219"
"55121","29442","29614"
"55123","30785","24415"
"55125","21938","20722"
"55127","103718","93791"
"55129","15878","15007"
"55131","135693","119031"
"55133","403072","445698"
"55135","51128","47164"
"55137","24263","19117"
"55139","171020","186129"
"55141","73055","82076"
"56001","38601","38412"
"56003","11881","11417"
"56005","46140","49685"
"56007","14971","14445"
"56009","13640","12311"
"56011","7450","6211"
"56013","39531","37350"
"56015","13376","11944"
"56017","4555","4437"
"56019","8460","8161"
"56021","98976","100525"
"56023","19434","17236"
"56025","79115","82820"
"56027","2388","2640"
"56029","29324","29150"
"56031","8566","8001"
"56033","30233","30931"
"56035","9813","9677"
"56037","43051","46438"
"56039","23081","30501"
"56041","20299","20130"
"56043","7885","7832"
"56045","6967","5862"
"15005","88","86"
"15007","72133","69987"
"15001","200983","183266"
"15003","980080","1020425"
"15009","167207","161494"
"02013","3515","3457"
"02016","5723","5263"
"02020","291538","300903"
"02050","18216","17264"
"02060","877","1650"
"02068","2059","3794"
"02070","5000","5747"
"02090","98971","95541"
"02100","2474","2418"
"02105","2151","1880"
"02110","32113","31603"
"02122","58533","53278"
"02130","13918","14899"
"02150","13345","13605"
"02158","8303","7575"
"02164","1587","1706"
"02170","107610","82411"
"02180","10008","8658"
"02185","9872","18947"
"02188","7671","7749"
"02195","3221","2998"
"02198","6422","5786"
"02220","8647","9024"
"02230","1148","1345"
"02240","6918","7625"
"02261","9164","9043"
"02275","2503","2295"
"02282","604","614"
"02290","5327","5593"
